basis,mae
600,0.8065713124233493
650,0.8044741161184426
700,0.8043410291100119
750,0.803080660968152
800,0.802524714841008
850,0.8013238706284616
900,0.7995592139076385
