basis,mae
600,0.7840378153551262
650,0.7824156257533206
700,0.7815036689977566
750,0.7801914507997296
800,0.778744089231959
850,0.7782272902579637
900,0.7764489181778067
