basis,mae
600,0.8398104953732439
650,0.8369486720342871
700,0.835323705096161
750,0.8329072908900998
800,0.8316392805930872
850,0.8289462929800056
900,0.8266293704376029
