basis,speed
600,29614.931848638084
650,28099.638846581665
700,26427.083659267487
750,25171.77344054693
800,23666.22257788872
850,23477.811402177567
900,21833.22880311144
