basis,speed
600,42719.95819873689
650,39981.938159436622
700,38287.292624656634
750,36506.47458298309
800,34380.086641256385
850,33882.696073232582
900,31716.949065791105
