basis,speed
600,12904.907607313987
650,12019.57026430434
700,11564.414308094733
750,11036.56707139781
800,10403.49432567411
850,10389.008636642611
900,9491.723430732175
